{"epsilon": 0.2751524498768063, "loss": 0.013681809417903423, "reward": -20.543478260869566, "_timestamp": 1656194537, "_runtime": 6069, "_step": 45}